FName,LName,Email,Subscribed,Plate,Pass,Phone,Lat,Long,UUID
Eddy,Barrett,e.barrett@email.com,True,BWOMS1,123456,+61494831268,-21.75369,129.406366,an3vy9x3miz1
Abraham,Morgan,a.morgan@email.com,True,ZM9VGF,password,+61466288537,-33.907338,111.895303,jb3uiycxmfdq
Sarah,Barrett,s.barrett@email.com,False,RI20XT,12345678,+61453182286,-19.156566,140.252872,6u4dmoeb2ms4
Lana,Barnes,l.barnes@email.com,True,1SPAVS,qwerty,+61418524299,-17.063049,143.212585,j66oj5kooolm
Vincent,Harper,v.harper@email.com,False,1XNGCM,123456789,+61490579446,-39.846286,142.982545,ps9ygpp9459z
Madaline,Gibson,m.gibson@email.com,False,D1DLDU,12345,+61430037257,-33.381511,118.182378,w6f4vft2kezd
Daryl,Barrett,d.barrett@email.com,False,LZBI4X,1234,+61454975337,-33.853549,141.650697,4hmn2a4kowtp
Sam,Turner,s.turner@email.com,True,MSQD8G,111111,+61475052326,-38.822415,132.467147,a7p3h7ipd9rv
Eleanor,Hamilton,e.hamilton@email.com,False,4Z0USS,1234567,+61480404551,-32.704585,139.387019,dpwtv2cjn3zy
Elian,Parker,e.parker@email.com,False,3N8Y38,dragon,+61425294393,-26.879737,139.824438,vasvw9rtwh8p
Cherry,Barrett,c.barrett@email.com,True,GV575F,123123,+61418461483,-30.694392,124.026128,7vz0pj01edvt
Sam,Kelley,s.kelley@email.com,False,B6HHUN,baseball,+61443081855,-16.452952,138.633755,qy1j56baftue
Connie,Barnes,c.barnes@email.com,True,AER5R7,abc123,+61418023855,-11.718144,117.833633,3josj6kj4lkk
Aston,Clark,a.clark@email.com,True,KVYPGS,football,+61499318841,-16.730115,135.714651,14n8lul79o0a
Julia,Richards,j.richards@email.com,True,HHW7PR,monkey,+61424549463,-29.564819,114.449366,acra8z5c9r7y
Blake,Carroll,b.carroll@email.com,False,0TOUXM,letmein,+61496385146,-12.377702,146.586481,k4434a67iaoe
Jacob,Cameron,j.cameron@email.com,True,Z31NPM,696969,+61417696463,-12.5874,145.349198,cyfopsfa9v8e
Rubie,Morgan,r.morgan@email.com,False,AQBBSC,shadow,+61456500150,-19.396988,126.992662,zm5mspim9zrk
Savana,Armstrong,s.armstrong@email.com,True,OGBOYF,master,+61440850852,-26.451684,144.689435,4cpbphv3i01y
Honey,Kelly,h.kelly@email.com,True,OM57OY,666666,+61456222980,-34.583697,119.411351,q57tc50mzpw4
Nicole,Brooks,n.brooks@email.com,False,HKH2Y6,qwertyuiop,+61465117328,-15.096925,132.974722,n5u11lncywhb
Kelsey,Johnston,k.johnston@email.com,True,SQSF9O,123321,+61421176758,-34.920528,136.365398,v1bqbct7e6xp
Amanda,Jones,a.jones@email.com,False,HS8O0T,mustang,+61484407245,-18.963688,135.275465,m8sy50f6elyb
Cadie,Harper,c.harper@email.com,False,LTL77E,1234567890,+61411321973,-26.501429,140.80344,8dhvp15dlhn7
Garry,Murphy,g.murphy@email.com,True,EHK44L,michael,+61444573291,-31.500409,115.135017,avitklgfi3wq
Heather,Bennett,h.bennett@email.com,False,LCHBYB,654321,+61478715801,-16.417255,128.397424,nzv41n7sxok9
Edwin,Higgins,e.higgins@email.com,True,EREY3V,clams,+61453636918,-15.279639,128.257837,s794emh6yvm7
Ted,Carroll,t.carroll@email.com,False,10V23R,superman,+61440178553,-28.366228,130.92029,ha9bdz4fusrd
Charlotte,Morris,c.morris@email.com,False,YM4LU0,1qaz2wsx,+61468274689,-16.893768,125.20497,to9edxcrerv9
Fiona,Craig,f.craig@email.com,False,94CKHZ,7777777,+61425224737,-28.360073,114.075725,hi669l0z1vry
Tiana,Perkins,t.perkins@email.com,True,LWJCVI,frickyou,+61416848080,-19.266875,137.479507,91p743y7dscw
Chester,Morgan,c.morgan@email.com,False,V9QGLR,121212,+61492078715,-23.149333,123.560997,xde85urqr3sc
Sophia,Perkins,s.perkins@email.com,False,W2GEOB,0,+61423388947,-32.480108,144.715162,jychrf5nydrk
Jacob,Smith,j.smith@email.com,True,EPNFXB,qazwsx,+61439967110,-23.768786,142.203032,b77gbo8smxtf
Dale,Mitchell,d.mitchell@email.com,True,W3ITA9,123qwe,+61410477800,-12.556253,129.668768,kf3kr33c8jc7
Chloe,Wells,c.wells@email.com,False,IQ9B6W,killer,+61433444162,-32.444033,117.333376,0z1nm32n4u0n
Lucas,Thompson,l.thompson@email.com,False,CHL4KM,trustno1,+61427414544,-36.836078,141.225747,dd4phgg1lote
Abigail,Cole,a.cole@email.com,True,D135QP,jordan,+61450916796,-28.334985,151.970641,1gv32w8nibna
Catherine,Russell,c.russell@email.com,False,PFFF7J,jennifer,+61451860738,-22.782646,131.928518,ff6k02iwqxve
Amy,Watson,a.watson@email.com,True,UTHNS3,zxcvbnm,+61464142977,-27.391438,119.557533,b7sqrm6y3ybc
Daryl,Edwards,d.edwards@email.com,False,H0LZME,asdfgh,+61487544541,-20.198142,115.990138,7yisq32eb92b
Victor,Ross,v.ross@email.com,False,28U4SQ,hunter,+61418588386,-32.599047,130.641787,hww8uji03fc8
James,Gibson,j.gibson@email.com,False,5Z7WPG,buster,+61424092263,-16.691307,136.529623,k0artvtgmne1
Eddy,Miller,e.miller@email.com,False,NTB430,soccer,+61465995770,-27.402668,139.860509,sjp9uai1j7hb
Kirsten,Stevens,k.stevens@email.com,False,PIG7J4,harley,+61431238022,-17.334296,113.155486,7d9q9np4wuzo
Amanda,Cooper,a.cooper@email.com,False,O6S7TU,batman,+61454746575,-15.633203,134.662811,mn61bg49vpyh
Alan,Cameron,a.cameron@email.com,True,VSTAFB,andrew,+61481614104,-16.737367,115.149092,icf0bhhv5zon
Chester,Stewart,c.stewart@email.com,False,1VIDY5,tigger,+61471126202,-19.070293,153.728035,uqnf0a5grcg1
Edgar,Grant,e.grant@email.com,True,IGTYWC,sunshine,+61472542496,-18.588507,153.15192,pls4uperasic
Grace,Harper,g.harper@email.com,False,U1ZQTO,iloveyou,+61422160397,-27.437373,117.693737,x6togxzofwrd
Adrian,Adams,a.adams@email.com,False,WT5YXT,frickme,+61449754223,-20.183673,118.346173,wf4f4up3d6nn
Amy,Jones,a.jones@email.com,False,2TUH2Z,2000,+61465282029,-31.060173,153.356046,yhoqz7egld13
Kate,Adams,k.adams@email.com,False,II7L4A,charlie,+61428121177,-28.154814,124.186598,iyj7jcajq71h
Jared,Edwards,j.edwards@email.com,True,IK87MW,robert,+61483502936,-36.962467,132.418833,9wj06xubfzfz
Antony,Myers,a.myers@email.com,True,EH4DFK,thomas,+61485815703,-14.896163,111.035584,sqb7b1i0wqnl
Arianna,Barnes,a.barnes@email.com,False,2NNTVL,hockey,+61428186774,-28.299648,117.736463,b2l2iau10wz5
Jasmine,Nelson,j.nelson@email.com,False,2EKQ4I,ranger,+61450223940,-29.433266,112.313575,gx0y9t35uqtc
Alexia,Reed,a.reed@email.com,True,QQH9EG,daniel,+61494235250,-31.761851,127.773295,so369l4wq1l5
Fenton,Craig,f.craig@email.com,True,2OGK69,starwars,+61494884614,-16.96787,143.120224,1gs8ji6kuzpz
Daryl,West,d.west@email.com,True,49KL7X,klaster,+61445432334,-36.892775,145.22914,b45vi80wvz45
Lily,Morgan,l.morgan@email.com,True,2I7Q4G,112233,+61438293851,-23.195859,112.447814,vbuxajbfka9h
Wilson,Evans,w.evans@email.com,False,IWIMH1,george,+61460797871,-30.012871,152.803769,js284ffhc6gx
Reid,Fowler,r.fowler@email.com,True,6AVPOS,asshole,+61462462135,-33.850586,143.100444,2f0wz3jb0eby
Paige,Bennett,p.bennett@email.com,False,AVEOZ3,computer,+61487767217,-34.460962,122.459515,uz6rpvf77i3q
Kelsey,Walker,k.walker@email.com,True,BC3Z4Z,michelle,+61444795684,-21.243688,141.209781,53ympeqcqx5j
Jack,Farrell,j.farrell@email.com,True,MBHL8B,jessica,+61498514564,-14.655418,114.40019,52quztcj6opk
Michael,Wilson,m.wilson@email.com,True,1YP56J,pepper,+61482619055,-23.068929,135.559658,bp2zn9w4nwbk
Nicholas,Crawford,n.crawford@email.com,False,IB8K6P,1111,+61456044320,-33.442563,113.328938,6qzw95rnpvec
Violet,Thompson,v.thompson@email.com,True,9ICW9V,zxcvbn,+61412036524,-17.962367,150.317402,co755w7y3onk
Catherine,Walker,c.walker@email.com,True,31UDUK,555555,+61487556298,-13.053321,149.608404,7n0326i00jdf
Ellia,Kelly,e.kelly@email.com,False,WPUYAX,11111111,+61467424238,-20.503587,150.02596,kylnuhyq59o5
Vanessa,Lloyd,v.lloyd@email.com,False,4AJO5V,131313,+61419047011,-28.819753,117.70925,wrgaw1t7e26q
Leonardo,Mason,l.mason@email.com,False,E5P52Y,freedom,+61487423864,-26.938309,145.534673,rjke01olc8qp
Lucas,Murray,l.murray@email.com,False,HQTEGU,777777,+61426699435,-15.056081,120.346013,7he73qxhdoaf
Jack,Sullivan,j.sullivan@email.com,True,ST98MK,pass,+61415735878,-37.217826,122.217615,n8p5orzq22pu
Briony,Perkins,b.perkins@email.com,False,4U6BS6,frick,+61487939835,-21.448816,117.230466,ymkhhp3l5mzi
Ryan,Armstrong,r.armstrong@email.com,True,UWBU64,maggie,+61474932809,-18.07914,146.772228,m2j9dcl54y37
Richard,Casey,r.casey@email.com,False,4BL8GT,159753,+61452760016,-27.913135,130.320542,inbssh7885bo
Kelvin,Ferguson,k.ferguson@email.com,False,01FVWI,aaaaaa,+61424997830,-11.729877,115.795662,ga0e7xr76b2x
Justin,Brown,j.brown@email.com,True,0ITP87,ginger,+61472856923,-19.141936,120.584695,gnwbnt03pt10
Melanie,Tucker,m.tucker@email.com,False,KSQ0CO,princess,+61473545711,-31.103604,133.293809,32ce8789f21k
Byron,Martin,b.martin@email.com,True,VKCNZH,joshua,+61449734756,-11.329865,112.134709,8sl4yehgdm3j
Bruce,Richardson,b.richardson@email.com,False,17SKJ6,cheese,+61457354675,-34.965842,131.368955,1vrdmbpxnlpe
Vivian,Douglas,v.douglas@email.com,False,O8NCA1,amanda,+61471380039,-22.942293,149.543931,z3lins2o5oeh
Madaline,Casey,m.casey@email.com,True,0QDSVJ,summer,+61434052609,-12.248911,149.9386,ft0ymd7mhbyx
Miller,Cunningham,m.cunningham@email.com,True,LCTLGI,love,+61449863767,-35.639458,136.231161,445x8orh6uom
Jacob,Richards,j.richards@email.com,True,GWZDNB,ashley,+61441472669,-36.022873,124.192832,9f6z2ucamdqx
Rebecca,Watson,r.watson@email.com,False,ZEJ2SC,6969,+61430514974,-23.298985,118.229567,bewz44rp1k1z
Alford,Cunningham,a.cunningham@email.com,False,9TVCP9,nicole,+61483508683,-12.592964,130.7395,ovlfyaa11p2u
Sarah,Wells,s.wells@email.com,True,E1EALG,chelsea,+61470702071,-20.60497,122.001248,d03kjg1u0y0a
Ashton,Stewart,a.stewart@email.com,True,3VL8NJ,biteme,+61452376392,-37.741356,120.061717,xd42frfsndvw
Thomas,Ross,t.ross@email.com,False,HUL9JD,matthew,+61492909000,-17.293084,131.597361,8u9vy7dxyivc
Tess,Watson,t.watson@email.com,True,U21VIX,access,+61464729375,-25.769831,117.841171,zzak3ya7zxaz
Dainton,Brooks,d.brooks@email.com,False,NLU1FB,yankees,+61449748601,-38.206559,130.812506,zqazcsqv4rli
Clark,Murray,c.murray@email.com,True,NXGZR6,987654321,+61497789230,-35.724982,118.263911,5dfqmkofbqqc
Deanna,Bennett,d.bennett@email.com,False,JVQ0QP,dallas,+61452910385,-14.212745,113.300631,fmxbo09tqnr7
Darcy,Ferguson,d.ferguson@email.com,False,7S25W7,austin,+61480055616,-32.957071,114.341665,g4rzycgnepbp
Briony,Bennett,b.bennett@email.com,False,6DR3J6,thunder,+61457116629,-36.355507,131.063657,4l1fjnbjkdq5
Dale,Kelley,d.kelley@email.com,False,4TZDTG,taylor,+61490367492,-27.6518,145.068094,fq5yd1mw9cta
Alberta,Mason,a.mason@email.com,True,QSI4R8,matrix,+61419846150,-23.041836,147.607986,bw4yyh22b4e3
Fenton,West,f.west@email.com,False,H9H56D,william,+61487471914,-26.885445,135.718551,k22st3r7dxzl
Mary,Brown,m.brown@email.com,False,26X2PQ,corvette,+61442121873,-18.72129,111.89433,gwa5hu3mtfo7
Edith,Wilson,e.wilson@email.com,True,XWNH2D,hello,+61489245371,-39.663592,133.61181,lupi2l7e1qe1
Sofia,Barrett,s.barrett@email.com,False,HYDI20,martin,+61417437479,-20.528621,122.272518,8jok5e4c4blo
Florrie,Lloyd,f.lloyd@email.com,True,K75GVT,heather,+61451993347,-34.340892,128.039229,mui2bhr32e32
April,Evans,a.evans@email.com,False,KUAXY6,secret,+61483675802,-20.743913,117.186878,dh9yq5xx5icf
Kristian,Cameron,k.cameron@email.com,False,5SQGU5,fricker,+61494934110,-13.215463,122.364103,26xbd2kunhpt
Lydia,Anderson,l.anderson@email.com,True,R6U50J,merlin,+61451669677,-25.217087,128.593781,05iim1kmsenl
Honey,Richardson,h.richardson@email.com,False,ZC143S,diamond,+61440835433,-35.240062,117.280308,vsnc8f8jsx2e
Ryan,Phillips,r.phillips@email.com,False,WHR8GB,1234qwer,+61429783401,-31.909087,111.552678,sbpkhjubdqir
Stella,Tucker,s.tucker@email.com,False,0VWKUR,gfhjkm,+61483428885,-39.510184,145.318774,flsnmzcvteog
Rebecca,Dixon,r.dixon@email.com,True,MPTJJ4,hammer,+61499161030,-36.588216,119.620015,vo78tnjpvgvk
Chelsea,Anderson,c.anderson@email.com,True,UTKJE7,silver,+61422077107,-21.52635,122.575268,zfrr7z0nb1p1
Lucas,Ellis,l.ellis@email.com,False,LMZRIH,222222,+61455509235,-19.868027,148.674355,eb5a42hixk0p
Maya,Richards,m.richards@email.com,False,KW8QZ0,88888888,+61448619107,-16.328182,118.999279,divfzqnec7lj
Ryan,Allen,r.allen@email.com,False,T1V5AI,anthony,+61439525018,-12.396633,134.043832,9ftp6nbv4kcn
Kate,Foster,k.foster@email.com,False,B8JCCI,justin,+61429381277,-27.134306,125.294581,mfsts3geg5p4
Garry,Lloyd,g.lloyd@email.com,False,XKVXXS,test,+61445838802,-35.419,114.154696,5r2il40t3w45
Edith,Owens,e.owens@email.com,True,TAIKKC,bailey,+61430198554,-39.177076,142.375763,iuvqh7a32o1o
Adele,Williams,a.williams@email.com,False,S4TIPV,q1w2e3r4t5,+61481384866,-15.050094,116.935086,tg7x05bpelyk
Ellia,Chapman,e.chapman@email.com,False,NHWVJX,patrick,+61422635990,-16.841367,140.945633,z80eopbmywhn
Max,Stewart,m.stewart@email.com,True,OOYEKL,internet,+61417692470,-11.292714,115.037636,rp5texwxvvn8
Gianna,Campbell,g.campbell@email.com,True,BOUP5O,scooter,+61413202842,-21.132587,134.349779,egt6tyclukye
Freddie,Owens,f.owens@email.com,True,17ST89,orange,+61497295035,-14.317209,151.169063,ae8qoj7kaqq9
Sydney,Carroll,s.carroll@email.com,False,UVPMB7,11111,+61415174633,-20.398588,121.133197,ufzv29y5luuu
Lenny,Phillips,l.phillips@email.com,True,XNTTDO,golfer,+61414087345,-27.063844,151.319273,4xfyh2nlk0y9
Emily,Gray,e.gray@email.com,False,04RQNI,cookie,+61464374179,-21.002864,122.749857,ba4fg4ub8cqy
Alissa,Robinson,a.robinson@email.com,False,HLKDGW,richard,+61455444945,-23.07124,125.766437,f4lzuvi8znuc
Vivian,Morgan,v.morgan@email.com,False,VD1HS1,samantha,+61491816901,-18.716037,151.938854,zsesijuu3ve6
Samantha,Chapman,s.chapman@email.com,False,H7CO61,bigdog,+61459312231,-37.18255,121.966167,i1lklf73knc9
Daisy,Barrett,d.barrett@email.com,False,QR4XRK,guitar,+61447218392,-16.745338,114.890959,7x7rnda9kxoo
Byron,Higgins,b.higgins@email.com,False,N8SG9H,jackson,+61452414394,-30.954486,139.352498,9pddhdpxn9hs
Walter,Chapman,w.chapman@email.com,False,021BN1,whatever,+61434148338,-31.755348,118.597154,9cpbzz5q4u8z
Reid,Elliott,r.elliott@email.com,False,JU4QXQ,mickey,+61450564965,-37.29246,147.974681,p4yxyiht1pub
Ashton,Kelly,a.kelly@email.com,False,OAVSSQ,chicken,+61497053876,-32.492938,145.377773,97nel2hj6qeg
Honey,Bailey,h.bailey@email.com,False,UQGGZI,sparky,+61441779076,-14.603916,135.067731,wb0a9ttdjt9g
Reid,Miller,r.miller@email.com,False,HW7DWJ,snoopy,+61435127418,-11.893852,132.00153,quf1w9kvc0do
Fenton,Harris,f.harris@email.com,False,3ZOMK5,maverick,+61467158514,-35.679174,131.203318,auageegg5wr8
Adele,Moore,a.moore@email.com,True,5FG3S1,phoenix,+61468994540,-14.450182,152.350804,tvaqrdcy5zzz
Camila,Higgins,c.higgins@email.com,True,U6O816,camaro,+61493594481,-33.024617,124.492257,vkfbffz2ic7g
Lilianna,Craig,l.craig@email.com,True,SKYX1S,sexy,+61495640889,-30.306006,137.467088,t5m2ug3nhvnq
Vanessa,Carter,v.carter@email.com,True,0ERU90,peanut,+61465884227,-34.362557,134.449046,jundli0f6hle
Nicole,Baker,n.baker@email.com,False,H859U8,morgan,+61475553861,-30.308825,147.531398,1gkux78xym5n
Penelope,Carter,p.carter@email.com,True,3EKXE3,welcome,+61427808757,-13.532893,141.920227,ghmchphwpqn7
Daryl,Phillips,d.phillips@email.com,False,JGV5T2,falcon,+61422659373,-36.939854,118.235216,fe0e9r1vh66t
April,Andrews,a.andrews@email.com,False,Y9JLUR,cowboy,+61454139785,-13.410909,114.437621,giwgfzfs6kb4
Amanda,Ellis,a.ellis@email.com,False,WR18B6,ferrari,+61463846558,-20.820509,111.808573,2wm1jmfydjbk
Bruce,Cunningham,b.cunningham@email.com,True,79KMTZ,samsung,+61428619874,-18.893021,121.698284,svxxnnwt7wjr
Luke,Wilson,l.wilson@email.com,True,BZ9VOQ,andrea,+61416550653,-36.844123,127.216141,6xn66ztv785i
Paul,Cooper,p.cooper@email.com,False,VKPFW7,smokey,+61451986197,-38.335833,132.511928,letgg64vf0fl
Cherry,Hill,c.hill@email.com,False,4KGEED,steelers,+61481530427,-17.373283,116.741766,esdxmp5drb5p
Maddie,Richardson,m.richardson@email.com,False,TR5DKC,joseph,+61421954496,-34.226873,145.956165,x3v90v7chpph
Carlos,Adams,c.adams@email.com,False,O3CM2V,mercedes,+61448424384,-15.179118,119.060207,l0cmpp852fv4
Victor,Moore,v.moore@email.com,False,A8HA00,dakota,+61428893071,-17.733241,140.886306,oduf30lwezh4
Henry,Mason,h.mason@email.com,False,IMQB0Q,arsenal,+61457044997,-38.780053,135.925478,k8ubbefmw8ns
Ellia,Henderson,e.henderson@email.com,True,PS0XDB,eagles,+61477686546,-20.473018,139.917106,lu6t5vrt3tru
Edith,Crawford,e.crawford@email.com,False,EL0I97,melissa,+61430852529,-31.503832,121.618413,osjv362bbcq1
Daryl,Mason,d.mason@email.com,False,Z2JML2,boomer,+61434669709,-36.417168,152.341751,royc8xoca2f4
Camila,Richardson,c.richardson@email.com,False,QK2D0O,booboo,+61444779192,-15.462906,140.569732,3qsgjkp42wey
Justin,Russell,j.russell@email.com,True,E2EVLY,spider,+61446226713,-20.076831,115.766665,bp45hg00iut5
Penelope,Roberts,p.roberts@email.com,True,FPSWHV,nascar,+61435583590,-28.761534,152.583757,pj1fpwb3q860
Lyndon,Jones,l.jones@email.com,True,NNDPU9,monster,+61433678643,-29.417861,148.284362,rbzw8xias3p3
Savana,Johnston,s.johnston@email.com,True,IQOORG,tigers,+61413714267,-12.572948,114.140161,ouhnnhojhms8
Arnold,Ellis,a.ellis@email.com,False,9HAWXH,yellow,+61412199899,-27.865523,138.723216,e7pelslsdyob
Aida,Moore,a.moore@email.com,True,CQBW8I,xxxxxx,+61437142952,-28.004999,128.65576,b68rb7ssqm6n
Briony,Wells,b.wells@email.com,False,WEROQN,123123123,+61414437265,-32.230993,131.11982,k7w0th7x7ym6
Dale,Myers,d.myers@email.com,False,2L6LJR,gateway,+61478861312,-18.261133,145.175981,cs7qm75s4sf6
Paul,Ellis,p.ellis@email.com,True,ZO1507,marina,+61432343678,-36.995222,126.714434,5cnb1s2zlhna
Audrey,Wright,a.wright@email.com,True,GGL4YG,diablo,+61418637916,-26.278206,148.706395,psjw6gd0phaw
Alina,Farrell,a.farrell@email.com,False,6ZY2UB,bulldog,+61439704769,-18.269874,127.161102,l65d8yybldsx
James,Kelly,j.kelly@email.com,True,RU13F8,qwer1234,+61440108599,-25.422351,125.947362,qufht4rd7ctm
Agata,Cunningham,a.cunningham@email.com,False,4PLCS7,compaq,+61411104802,-31.642591,115.47598,4geygsgn0vd8
George,Bennett,g.bennett@email.com,True,YJIGJN,purple,+61414365529,-13.673903,125.215099,zyiwkpkelfw8
Justin,Tucker,j.tucker@email.com,False,NAV2AC,hardcore,+61441485232,-36.733728,113.405642,mmb41p7a4win
Arthur,Cooper,a.cooper@email.com,False,6OR2GC,banana,+61419043008,-34.55234,129.964688,vuaxu07m307k
Samantha,Perkins,s.perkins@email.com,False,IXIPBZ,junior,+61445474247,-32.500427,133.638614,88da37n0a9gr
Adrianna,Mason,a.mason@email.com,False,RXA902,hannah,+61420488360,-25.968886,119.965139,t4bwxfrvojcu
Jenna,Morrison,j.morrison@email.com,False,SFT2X4,123654,+61470198047,-13.324745,145.020092,2wq193riwhgr
Kelvin,West,k.west@email.com,True,NZBDG8,porsche,+61420229070,-27.34557,133.156221,86d1puac7dlj
Jack,Richardson,j.richardson@email.com,True,93CNIF,lakers,+61431151197,-14.361937,123.096855,36arj7jmi2w0
Ryan,Taylor,r.taylor@email.com,False,XMY047,iceman,+61489347803,-28.544798,148.000604,l0epeae645f7
Ada,Gray,a.gray@email.com,True,KUDMD4,money,+61414062402,-26.445966,144.180022,qr0k8nietj5l
Jenna,Mason,j.mason@email.com,False,FLWS0D,cowboys,+61442466766,-34.497451,135.5771,lopi5iou5tt7
Eleanor,Murphy,e.murphy@email.com,False,CM4QKL,987654,+61442169523,-35.258363,150.346445,ebxblkuwobro
Richard,Foster,r.foster@email.com,True,NQRCVM,london,+61499014044,-12.820352,141.665771,jfpeq8yx3r02
Eddy,Hamilton,e.hamilton@email.com,False,3MPPTR,tennis,+61490182235,-30.545962,142.529677,530qedlh0mh5
Miller,Elliott,m.elliott@email.com,False,G3GBNC,999999,+61474562212,-27.82368,144.300146,thwx3mn8s77j
Violet,Harris,v.harris@email.com,False,YCCT76,ncc1701,+61444734106,-32.337873,147.227778,lfmvj9jwc85x
Belinda,Stevens,b.stevens@email.com,True,GZQO1Y,coffee ,+61437905467,-38.973055,137.325305,a00i6hh0hdv7
Albert,Morgan,a.morgan@email.com,False,FQPEJ0,scooby,+61421683204,-14.460665,136.953295,dc7lhv1qinvb
Lyndon,Henderson,l.henderson@email.com,False,LPI8DE,0,+61416534206,-28.350492,152.750129,lhabbuyg7fgj
Rebecca,Kelly,r.kelly@email.com,True,3WU3XA,miller,+61458132298,-28.131299,132.14032,6hjgnnfns4qb
Sabrina,Gray,s.gray@email.com,False,CRJTC2,boston,+61436625752,-36.595197,141.051758,7y385ddb0qb5
Alford,Spencer,a.spencer@email.com,False,BWSSER,q1w2e3r4,+61486054602,-38.437235,137.901016,5hyfhc03u1eg
Rosie,Brooks,r.brooks@email.com,False,A2SKCS,frickoff,+61419435504,-12.782298,111.574352,dwj5309ef8k2
Tony,Dixon,t.dixon@email.com,False,J75IPB,brandon,+61449389956,-37.209524,143.950187,8ymvy3acyv96
Alen,Bennett,a.bennett@email.com,False,02I6AA,yamaha,+61414947624,-38.521116,120.491368,28wlna8vhg3z
Grace,Perry,g.perry@email.com,False,SVHNHV,chester,+61477146080,-21.515213,123.885002,qk1odg8ri1fu
Leonardo,Moore,l.moore@email.com,True,527RIZ,mother,+61479939111,-18.061894,129.116195,hshe26dr4noa
Lucy,Johnson,l.johnson@email.com,True,XVNJN6,forever,+61434574338,-19.607304,135.234545,jtra6u6qxz89
